unit_code,program,do_tuoi,level,sub_level,unit_type,assessment,sessions,duration_month,thoi_luong_buoi_phut,order_global,topic_no,chu_de,bai_hoc,tu_duy_khai_niem_dat_duoc,ghi_chu
U2.1,UCREA,3–5 tuổi,U2,,LESSON,,4,1,90,1,1,Bạn bè,"Sách kể chuyện: Gum, Gum, Gummy",Cặp tương ứng 1-1 (Tư duy toán học),Bộ trò chơi Play Kit: Bữa ăn phụ
U2.2,UCREA,3–5 tuổi,U2,,LESSON,,4,1,90,2,1,Bốn mùa I (Mùa Thu),Sách kể chuyện: Gummy và 7 chú vịt con,Đếm số (Tư duy Toán học),Bộ trò chơi Play Kit: Táo và Lê
U2.3,UCREA,3–5 tuổi,U2,,LESSON,,4,1,90,3,1,Gia đình và Hàng xóm,Sách kể chuyện: Gummy trông trẻ,Một phần và toàn bộ (Tư duy Logic),Bộ trò chơi Play Kit: Một nửa và Một nửa
U2.4,UCREA,3–5 tuổi,U2,,LESSON,,4,1,90,4,1,Thiên nhiên,Sách kể chuyện: Gummy & những chú sóc con,Tạo và tách số (Tư duy toán học); Các số từ 0 đến 10,Bộ trò chơi Play Kit: Hái cherry
U2.5,UCREA,3–5 tuổi,U2,,LESSON,,4,1,90,5,1,Bốn mùa II (Mùa Đông),Sách kể chuyện: Gummy đi tới trung tâm thương mại,Kỹ năng diễn giải - Hiểu các ký hiệu và biểu tượng bé nhìn thấy hàng ngày,Bộ trò chơi Play Kit: Ký hiệu mất tích
U2.5+,UCREA,3–5 tuổi,U2,,REVIEW,Thi giữa kỳ,4,1,90,6,1,Ôn tập giữa kỳ,Ôn tập U1.1 – U1.5,"Củng cố kiến thức, đánh giá giữa kỳ",
U2.6,UCREA,3–5 tuổi,U2,,LESSON,,4,1,90,7,1,Khỏe mạnh và An toàn,Sách kể chuyện: Hành trình giải cứu của Gummy,Khả năng suy luận (Tư duy Logic) - Sắp xếp các sự kiện dựa vào tranh,Bộ trò chơi Play Kit: Cừu nhỏ Baba
U2.7,UCREA,3–5 tuổi,U2,,LESSON,,4,1,90,8,1,Bốn Mùa III (Xuân),Sách kể chuyện: Lâu đài của người khổng lồ,"Nhận biết về không gian (Tư duy Toán học): Trên, dưới",Bộ trò chơi Play Kit: Mê cung Trên – Dưới
U2.8,UCREA,3–5 tuổi,U2,,LESSON,,4,1,90,9,1,Vòng quanh thế giới,Sách kể chuyện: Gummy tới lễ hội,Kỹ năng linh hoạt (Tư duy sáng tạo),Bộ trò chơi Play Kit: Đọc lên nào
U2.9,UCREA,3–5 tuổi,U2,,LESSON,,4,1,90,10,1,Công cụ,Sách kể chuyện: Ở cửa hàng bánh gạo,"Hình dạng hoàn chỉnh & Hình dạng một phần - Phân biệt một nửa của hình dạng; Từ một hình đã hoàn chỉnh hoặc/và một phần của nó, tạo ra các hình mới",Bộ trò chơi Play Kit: Hình dạng
U2.10,UCREA,3–5 tuổi,U2,,LESSON,,4,1,90,11,1,Bốn Mùa IV (Mùa Hè),Sách kể chuyện: Gummy và ông lão Hodgepodge,Thiết lập tiêu chuẩn (Tư duy Logic) - Lựa chọn và phân loại các đồ vật dựa trên các thuộc tính giống nhau,Bộ trò chơi Play Kit: Kỳ nghỉ hè
U1.10+,UCREA,3–5 tuổi,U2,,REVIEW,Thi cuối kỳ,4,1,90,12,1,Ôn tập cuối kỳ,Ôn tập U1.6 – U1.10,"Củng cố kiến thức, đánh giá cuối kỳ",
U3.1,UCREA,3–5 tuổi,U3,,LESSON,,4,1,90,13,1,Bạn bè,Sách kể chuyện: Anky hay bắt chước,Nhận dạng kiểu mẫu (Tư duy toán học),Bộ trò chơi Play Kit: Kiểu mẫu vui nhộn
U3.2,UCREA,3–5 tuổi,U3,,LESSON,,4,1,90,14,1,Bốn mùa I (Mùa Thu),Sách kể chuyện: Những cuộc phiêu lưu mùa thu,So sánh chiều dài (Tư duy Toán học),Bộ trò chơi Play Kit: Xe tải chở hoa
U3.3,UCREA,3–5 tuổi,U3,,LESSON,,4,1,90,15,1,Gia đình và Hàng xóm,Sách kể chuyện: Rex và chiếc xe đẩy thần kỳ,Phép toán (Tư duy Toán học),Bộ trò chơi Play Kit: Đi bắt khủng long
U3.4,UCREA,3–5 tuổi,U3,,LESSON,,4,1,90,16,1,Thiên nhiên,Sách kể chuyện: Bữa tiệc Giáng sinh của Rex,Luật bắc cầu (Tư duy Logic) - Nếu A=B và B=C thì A=C; Nếu A<B và B<C thì A<C,Bộ trò chơi Play Kit: Sao vàng
U3.5,UCREA,3–5 tuổi,U3,,LESSON,,4,1,90,17,1,Bốn mùa II (Mùa Đông),Sách kể chuyện: Anh có phải là anh trai em?,Nhận diện đặc điểm chung (Tư duy Logic) - Phân biệt vật không có đặc điểm chung với các vật còn lại; tìm ra vật khác biệt,Bộ trò chơi Play Kit: Gia đình tôi
U3.5+,UCREA,3–5 tuổi,U3,,REVIEW,Thi giữa kỳ,4,1,90,18,1,Ôn tập giữa kỳ,Ôn tập U2.1 – U2.5,"Củng cố kiến thức, đánh giá giữa kỳ",
U3.6,UCREA,3–5 tuổi,U3,,LESSON,,4,1,90,19,1,Khỏe mạnh và An toàn,Sách kể chuyện: Rex đi cắm trại,Phép loại suy (Tư duy Logic) - Loại suy với ngôn ngữ,Bộ trò chơi Play Kit: Đoán xem đây là gì?
U3.7,UCREA,3–5 tuổi,U3,,LESSON,,4,1,90,20,1,Bốn Mùa III (Xuân),Sách kể chuyện: Ngày hội cánh đồng vui vẻ,Đóng và Mở (Tư duy Toán học) - Hình đóng và hình mở,Bộ trò chơi Play Kit: Ngôi sao lấp lánh
U3.8,UCREA,3–5 tuổi,U3,,LESSON,,4,1,90,21,1,Vòng quanh thế giới,Sách kể chuyện: Công viên giải trí toàn cầu Rex,Khả năng làm việc tỉ mỉ (Tư duy sáng tạo) - Làm nổi bật các ý tưởng bằng cách đưa thêm chi tiết,Bộ trò chơi Play Kit: Chuyến du lịch vòng quanh thế giới
U3.9,UCREA,3–5 tuổi,U3,,LESSON,,4,1,90,22,1,Công cụ,Sách kể chuyện: Giúp đỡ thầy Dino,Tìm hàng giá trị trong hệ cơ số 10 (Tư duy Toán học) - Nguyên tắc con số thay đổi dựa vào vị trí của nó. VD: 10+1=11,Bộ trò chơi Play Kit: Đi chợ
U3.10,UCREA,3–5 tuổi,U3,,LESSON,,4,1,90,23,1,Bốn Mùa IV (Mùa Hè),Sách kể chuyện: Tiệm kem của Rex,Phân loại phức hợp (Tư duy Logic) - Phân loại dựa trên hai tiêu chí,Bộ trò chơi Play Kit: Chấm chậm
U3.10+,UCREA,3–5 tuổi,U3,,REVIEW,Thi cuối kỳ,4,1,90,24,1,Ôn tập cuối kỳ,Ôn tập U2.6 – U2.10,"Củng cố kiến thức, đánh giá cuối kỳ",
U4.1,UCREA,3–5 tuổi,U4,,LESSON,,4,1,90,25,1,Bạn bè,Sách kể chuyện: Truy tìm chìa khóa,"Khả năng nhận diện không gian (Tư duy toán học) - Bên trái, Bên phải",Bộ trò chơi Play Kit: Bên trái và Bên phải
U4.2,UCREA,3–5 tuổi,U4,,LESSON,,4,1,90,26,1,Bốn mùa I (Mùa Thu),Sách kể chuyện: Bibbity-Boop Cùng di chuyển,"Hiểu về lý thuyết số (Tư duy Toán học) - Số chẵn, số lẻ; đếm số theo nhóm; cơ sở của phép nhân",Bộ trò chơi Play Kit: Táo và Lê
U4.3,UCREA,3–5 tuổi,U4,,LESSON,,4,1,90,27,1,Gia đình và Hàng xóm,Sách kể chuyện: Lớp học nấu ăn của bà Wanda,Sự nhạy cảm (Tư duy sáng tạo) - Hiểu cảm xúc của người khác,Bộ trò chơi Play Kit: Thu hoạch
U4.4,UCREA,3–5 tuổi,U4,,LESSON,,4,1,90,28,1,Thiên nhiên,Sách kể chuyện: Phép thuật quả là khó khăn!,Hình 3D hoàn chỉnh và hình 3D một phần (Tư duy toán học),Bộ trò chơi Play Kit: Trái tim mình
U4.5,UCREA,3–5 tuổi,U4,,LESSON,,4,1,90,29,1,Bốn mùa II (Mùa Đông),Sách kể chuyện: Phù thủy Wanda bị ốm,Kiểm tra khả năng thống kê (Tư duy Logic) - Nhận diện các thuộc tính và đặc điểm chung; Hình thành và kiểm tra khả năng thống kê,Bộ trò chơi Play Kit: Khối lập phương
U4.5+,UCREA,3–5 tuổi,U4,,REVIEW,Thi giữa kỳ,4,1,90,30,1,Ôn tập giữa kỳ,Ôn tập U3.1 – U3.5,"Củng cố kiến thức, đánh giá giữa kỳ",
U4.6,UCREA,3–5 tuổi,U4,,LESSON,,4,1,90,31,1,Khỏe mạnh và An toàn,Sách kể chuyện: Ổ bánh mỳ khổng lồ,"Phép cộng và Phép trừ (Tư duy Toán học) - Đặt phép toán với 3 số, sử dụng dấu + và dấu -",Bộ trò chơi Play Kit: Phép toán khỏe khoắn
U4.7,UCREA,3–5 tuổi,U4,,LESSON,,4,1,90,32,1,Bốn Mùa III (Xuân),Sách kể chuyện: Lọ thuốc phép thuật,Kết hợp các thuộc tính khác nhau (Tư duy Logic) - VD: Chọn 3 trong 10 màu và tìm các vật có đủ 3 màu đó,Bộ trò chơi Play Kit: Sự kết hợp
U4.8,UCREA,3–5 tuổi,U4,,LESSON,,4,1,90,33,1,Vòng quanh thế giới,Sách kể chuyện: Bay trên cán chổi,Phân loại theo cấp độ (Tư duy logic) - Phân loại các đồ vật vào các nhóm khác nhau theo tiêu chí và sắp xếp theo 2-3 cấp độ,Bộ trò chơi Play Kit: Toán học trên thế giới
U4.9,UCREA,3–5 tuổi,U4,,LESSON,,4,1,90,34,1,Công cụ,Sách kể chuyện: Luna cáu kỉnh,Giải quyết vấn đề (Tư duy Logic) Phân loại các đồ vật dựa vào các nhóm khác nhau theo tiêu chí và theo 2-3 cấp độ,Bộ trò chơi Play Kit: Thuật toán ma thuật
U4.10,UCREA,3–5 tuổi,U4,,LESSON,,4,1,90,35,1,Bốn Mùa IV (Mùa Hè),Sách kể chuyện: Giải cứu Luna!,Hiểu các mẫu phức hợp (Tư duy Toán học),Bộ trò chơi Play Kit: Quái vật
U4.10+,UCREA,3–5 tuổi,U4,,REVIEW,Thi cuối kỳ,4,1,90,36,1,Ôn tập cuối kỳ,Ôn tập U3.6 – U3.10,"Củng cố kiến thức, đánh giá cuối kỳ",
J1,Bright I.G,Lớp 1–2 (6–7 tuổi),J,J-1,LESSON,,4,1,110,37,1,Pooka Wooka,Con số và phép toán,Nguyên tắc hệ thống số thập phân; Số có hai chữ số; Số nguyên và phân số,
J1,Bright I.G,Lớp 1–2 (6–7 tuổi),J,J-1,LESSON,,4,1,110,37,2,Làm quen với hình dạng,Hình học,"Hình tam giác, hình tứ giác và hình tròn; Vẽ và tạo hình dạng",
J2,Bright I.G,Lớp 1–2 (6–7 tuổi),J,J-2,LESSON,,4,1,110,38,1,Tìm bạn,Phân loại,Nhận biết các điểm giống nhau; Phân loại theo thuộc tính,
J2,Bright I.G,Lớp 1–2 (6–7 tuổi),J,J-2,LESSON,,4,1,110,38,2,Học viện vương quốc động vật,Kiểu mẫu và giải quyết vấn đề,Nhận diện các kiểu mẫu; Đoán hình dạng tiếp theo,
J3,Bright I.G,Lớp 1–2 (6–7 tuổi),J,J-3,LESSON,,4,1,110,39,1,Vùng đất của những con số,Con số và các phép toán,"Số đếm đến 100; Phép cộng, phép trừ và mối quan hệ giữa chúng",
J3,Bright I.G,Lớp 1–2 (6–7 tuổi),J,J-3,LESSON,Thi giữa kỳ,4,1,110,39,2,Ghép hình,Hình học,Hình dạng bộ phận và hình dạng toàn phần; Tổng thể và bộ phận,
T1,Bright I.G,Lớp 1–2 (6–7 tuổi),T,T-1,LESSON,,4,1,110,41,1,Hãy đến và cùng chơi!,Nhận thức về không gian,"Phương pháp: Trái, Phải, Lên, Xuống; Tuân theo chỉ dẫn",
T1,Bright I.G,Lớp 1–2 (6–7 tuổi),T,T-1,LESSON,,4,1,110,41,2,Tôi thuộc về nơi nào?,Hình học,Sự chuyển động và xoay của hình khối; Giải đố dựa trên các hình khối,
T2,Bright I.G,Lớp 1–2 (6–7 tuổi),T,T-2,LESSON,,4,1,110,42,1,Trăng và sao,Suy luận logic,Xác định đặc điểm các yếu tố trong một nhóm; Hiểu về khái niệm “giả thiết”,
T2,Bright I.G,Lớp 1–2 (6–7 tuổi),T,T-2,LESSON,,4,1,110,42,2,Các hình dạng khác nhau,Nhận thức về không gian,Các thuộc tính đơn giản của hình 3D; Quan sát hình khối 3D từ những góc độ khác nhau,
T3,Bright I.G,Lớp 1–2 (6–7 tuổi),T,T-3,LESSON,,4,1,110,43,1,Chúng ta cần tính toán,Con số và các phép toán,Số nguyên và phân tách số; Biểu đồ phép cộng và phép trừ,
T3,Bright I.G,Lớp 1–2 (6–7 tuổi),T,T-3,LESSON,Thi giữa kỳ,4,1,110,43,2,"Những bông hoa, những vì sao và tôi",Kiểu mẫu và giải quyết vấn đề,Quan sát và phân tích đường kiểu mẫu đơn/ghép trên đường thẳng; Dự đoán đối tượng tiếp theo trong kiểu mẫu,
C1,Bright I.G,Lớp 1–2 (6–7 tuổi),C,C-1,LESSON,,4,1,110,45,1,Thị trấn yêu tinh,Sự phân loại,Tính chất của đồ vật; Sự tương đồng và khác biệt của các đồ vật,
C1,Bright I.G,Lớp 1–2 (6–7 tuổi),C,C-1,LESSON,,4,1,110,45,2,Duhduh và Daedae,Phép đo lường,"Đo lường độ dài, diện tích, khối lượng và trọng lượng; Đo lường và so sánh các đồ vật",
C2,Bright I.G,Lớp 1–2 (6–7 tuổi),C,C-2,LESSON,,4,1,110,46,1,Toto và 100 hạt sồi,Con số và các phép toán,Xác định giá trị của chữ số theo vị trí; Cộng và trừ,
C2,Bright I.G,Lớp 1–2 (6–7 tuổi),C,C-2,LESSON,,4,1,110,46,2,Sao bạn lại biết?,Suy luận logic,Tính chất bắc cầu của bất đẳng thức; Giải quyết vấn đề logic và giải đố,
C3,Bright I.G,Lớp 1–2 (6–7 tuổi),C,C-3,LESSON,,4,1,110,47,1,Bạn là ai?,Nhận thức về không gian,Quan sát hình dạng của các khối; Tái tạo hình khối 3D sau khi quan sát mặt trước và mặt bên của hình khối đó,
C3,Bright I.G,Lớp 1–2 (6–7 tuổi),C,C-3,LESSON,Thi giữa kỳ,4,1,110,47,2,Đặt câu hỏi,Khả năng phân loại,Tập hợp dữ liệu và sắp xếp chúng bằng đồ thị và biểu đồ; Xem dữ liệu và đoán khả năng,
W1,Bright I.G,Lớp 1–2 (6–7 tuổi),W,W-1,LESSON,,4,1,110,49,1,Chúng giống nhau như thế nào?,Hình học,Sự đối xứng quanh ta; Học về tính đối xứng bằng hoạt động với giấy màu,
W1,Bright I.G,Lớp 1–2 (6–7 tuổi),W,W-1,LESSON,,4,1,110,49,2,Jiji và Nani,Kiểu mẫu và giải quyết vấn đề,"Kiểu mẫu đơn, kiểu mẫu ghép trên đường tròn; Giải đố bằng cách sử dụng các quy tắc kiểu mẫu",
W2,Bright I.G,Lớp 1–2 (6–7 tuổi),W,W-2,LESSON,,4,1,110,50,1,Không cần hỏi đâu,Lý luận Logic,Hiểu được suy luận loại suy; Các mối quan hệ suy luận,
W2,Bright I.G,Lớp 1–2 (6–7 tuổi),W,W-2,LESSON,,4,1,110,50,2,Đi chợ,Con số và các phép toán,Thay thế và chuyển đổi; Thay thế và loại bỏ,
W3,Bright I.G,Lớp 1–2 (6–7 tuổi),W,W-3,LESSON,,4,1,110,51,1,Hoàng tử Zzino,Kiểu mẫu và giải quyết vấn đề,Quan sát hình khối 3D từ những góc độ khác nhau; Tạo một hình khối mới bằng cách kết hợp những hình khối 3D,
W3,Bright I.G,Lớp 1–2 (6–7 tuổi),W,W-3,LESSON,Thi giữa kỳ,4,1,110,51,2,Thực đơn hôm nay,Lý luận logic,Đếm số trường hợp; Đếm số các con đường khác nhau,
Q1,Bright I.G,Lớp 1–2 (6–7 tuổi),Q,Q-1,LESSON,,4,1,110,53,1,Hình khối một phần,Hình học,Tạo một hình mới từ những hình khối khác nhau; Tạo một hình mới từ những mảnh ghép Pentomino,
Q1,Bright I.G,Lớp 1–2 (6–7 tuổi),Q,Q-1,LESSON,,4,1,110,53,2,Trò chơi số học vui vẻ,Con số và các phép toán,Tạo một giá trị giống nhau từ hai con số khác nhau; Chơi domino và các trò chơi con số,
Q2,Bright I.G,Lớp 1–2 (6–7 tuổi),Q,Q-2,LESSON,,4,1,110,54,1,Công viên giải trí,Kiểu mẫu và giải quyết vấn đề,Các kiểu mẫu khác nhau; Dự đoán đồ vật kế tiếp và đối tượng ngày thứ N,
Q2,Bright I.G,Lớp 1–2 (6–7 tuổi),Q,Q-2,LESSON,,4,1,110,54,2,Chia và Chia,Khả năng phân loại,Tập hợp các thuộc tính tương tự nhau; Mối quan hệ giữa Từng phần và Toàn bộ,
Q3,Bright I.G,Lớp 1–2 (6–7 tuổi),Q,Q-3,LESSON,,4,1,110,55,1,Xứ sở thần tiên,Lý luận logic,Giải quyết các câu đố logic khác nhau; Suy nghĩ về các chiến lược giải đố,
Q3,Bright I.G,Lớp 1–2 (6–7 tuổi),Q,Q-3,LESSON,Thi giữa kỳ,4,1,110,55,2,Trốn tìm,Hình học,Khám phá các hình khối bằng cách lật và xoay,
U1,Bright I.G,Lớp 1–2 (6–7 tuổi),U,U-1,LESSON,,4,1,110,57,1,Hành tinh kiểu mẫu,Kiểu mẫu và giải quyết vấn đề,Kiểu mẫu ghép trên đường thẳng và đường tròn; Dự đoán đối tượng tiếp theo trong một kiểu mẫu,
U1,Bright I.G,Lớp 1–2 (6–7 tuổi),U,U-1,LESSON,,4,1,110,57,2,Cuộc săn tìm kho báu của Tiny và Red,Hình học,Sự đối xứng của các hình khối và hình ảnh của các hình sau khi xoay; Giải đố bằng cách sử dụng tính đối xứng và phép xoay,
U2,Bright I.G,Lớp 1–2 (6–7 tuổi),U,U-2,LESSON,,4,1,110,58,1,Sue thích gì,Lý luận logic,Các thuộc tính chung của một dãy; Các vấn đề logic và câu đố logic,
U2,Bright I.G,Lớp 1–2 (6–7 tuổi),U,U-2,LESSON,,4,1,110,58,2,Họ đã nhìn thấy như thế nào,Nhận thức về không gian,Mối quan hệ không gian; Quan sát các hình khối 3D từ những hướng khác nhau,
U3,Bright I.G,Lớp 1–2 (6–7 tuổi),U,U-3,LESSON,,4,1,110,59,1,Tính toán vui vẻ,Con số và các phép toán,Phép cộng và phép trừ; Các trò chơi và câu đố về phép cộng/phép trừ,
U3,Bright I.G,Lớp 1–2 (6–7 tuổi),U,U-3,LESSON,Thi cuối kỳ,4,1,110,59,2,Chuẩn bị cho bữa tiệc vui vẻ,Kiểu mẫu và giải quyết vấn đề,Giải quyết các câu đố về logic và không gian khác nhau,
G11,Black Hole,7–11 tuổi (Lớp 2–5),G,G1,LESSON,,4,1,110,61,1,Các khối thuộc tính,Kiểu mẫu và giải toán,Quy tắc nhóm,
G11,Black Hole,7–11 tuổi (Lớp 2–5),G,G1,LESSON,,4,1,110,61,2,Nguyên tắc của phép nhân,Con số và các phép toán,Phép nhân,
G11,Black Hole,7–11 tuổi (Lớp 2–5),G,G1,LESSON,,4,1,110,61,3,Các khối kiểu mẫu,Hình học,Hình phẳng cơ bản,
G11,Black Hole,7–11 tuổi (Lớp 2–5),G,G1,LESSON,,4,1,110,61,4,Trò chơi Sudoku,Trò chơi và câu đố,Lập luận giải quyết vấn đề,
G12,Black Hole,7–11 tuổi (Lớp 2–5),G,G1,LESSON,,4,1,110,62,1,Số và biểu diễn số,Con số và các phép tính,Giá trị của chữ số theo vị trí,
G12,Black Hole,7–11 tuổi (Lớp 2–5),G,G1,LESSON,,4,1,110,62,2,Phép chia,Con số và các phép tính,Phép nhân và phép chia,
G12,Black Hole,7–11 tuổi (Lớp 2–5),G,G1,LESSON,,4,1,110,62,3,Xếp hình Tetromino,Hình học,Các hình phẳng cơ bản,
G12,Black Hole,7–11 tuổi (Lớp 2–5),G,G1,LESSON,,4,1,110,62,4,Chuyến dã ngoại của nhà Gấu,Kiểu mẫu và giải toán,Tìm đúng vị trí,
G13,Black Hole,7–11 tuổi (Lớp 2–5),G,G1,LESSON,,4,1,110,63,1,Phép cộng: Hàng ngang và Cột dọc,Con số và các phép toán,Kết hợp và phân tách các con số,
G13,Black Hole,7–11 tuổi (Lớp 2–5),G,G1,LESSON,,4,1,110,63,2,Vòng đeo cổ,Kiểu mẫu và giải toán,Nguyên tắc kiểu mẫu,
G13,Black Hole,7–11 tuổi (Lớp 2–5),G,G1,LESSON,,4,1,110,63,3,Tam giác và tứ giác,Hình học,Các hình phẳng cơ bản,
G13,Black Hole,7–11 tuổi (Lớp 2–5),G,G1,LESSON,Thi giữa kỳ,4,1,110,63,4,Giống như là,Trò chơi và câu đố,Bất phương trình,
G21,Black Hole,7–11 tuổi (Lớp 2–5),G,G2,LESSON,,4,1,110,64,1,Có bao nhiêu cách?,Lý luận & Xác suất & Số liệu,Xác suất cơ bản,
G21,Black Hole,7–11 tuổi (Lớp 2–5),G,G2,LESSON,,4,1,110,64,2,Bảng nhân I,Con số và các phép toán,Bảng phép nhân,
G21,Black Hole,7–11 tuổi (Lớp 2–5),G,G2,LESSON,,4,1,110,64,3,Trò chơi dự đoán,Kiểu mẫu và giải toán,Dự đoán theo logic,
G21,Black Hole,7–11 tuổi (Lớp 2–5),G,G2,LESSON,,4,1,110,64,4,Giải cứu Binh nhì Black,Trò chơi và câu đố,Trò chơi Nhiệm vụ giải cứu,
G22,Black Hole,7–11 tuổi (Lớp 2–5),G,G2,LESSON,,4,1,110,65,1,"Mặt trời, Mặt trăng và các Vì sao",Kiểu mẫu và giải toán,Kiểu mẫu hình,
G22,Black Hole,7–11 tuổi (Lớp 2–5),G,G2,LESSON,,4,1,110,65,2,Hình phẳng,Hình học,Góc và hình phẳng,
G22,Black Hole,7–11 tuổi (Lớp 2–5),G,G2,LESSON,,4,1,110,65,3,Trò chơi dự đoán kép,Kiểu mẫu và giải toán,Quy tắc nhóm,
G22,Black Hole,7–11 tuổi (Lớp 2–5),G,G2,LESSON,,4,1,110,65,4,Tôi là ai?,Lý luận & Xác suất & Số liệu,Giải toán bằng cách lập bảng,
G23,Black Hole,7–11 tuổi (Lớp 2–5),G,G2,LESSON,,4,1,110,66,1,Số có 3 chữ số,Con số và các phép toán,Số đếm đến 1000,
G23,Black Hole,7–11 tuổi (Lớp 2–5),G,G2,LESSON,,4,1,110,66,2,Góc ở tâm đường tròn,Hình học,Góc và hình phẳng,
G23,Black Hole,7–11 tuổi (Lớp 2–5),G,G2,LESSON,,4,1,110,66,3,Vị vua thấp bé,Đo lường,Chiều dài,
G23,Black Hole,7–11 tuổi (Lớp 2–5),G,G2,LESSON,Thi cuối kỳ,4,1,110,66,4,Nòng nọc và ếch,Trò chơi và câu đố,Giải bài toán mê cung,
R11,Black Hole,7–11 tuổi (Lớp 2–5),R,R1,LESSON,,4,1,110,67,1,Trò chơi với hình khối I,Hình học,Hình khối,
R11,Black Hole,7–11 tuổi (Lớp 2–5),R,R1,LESSON,,4,1,110,67,2,Bảng nhân II,Con số và các phép toán,Bảng phép nhân,
R11,Black Hole,7–11 tuổi (Lớp 2–5),R,R1,LESSON,,4,1,110,67,3,Trò chơi theo bộ,Kiểu mẫu và giải toán,Nhóm,
R11,Black Hole,7–11 tuổi (Lớp 2–5),R,R1,LESSON,,4,1,110,67,4,Phân số ma thuật,Trò chơi và câu đố,Xác định quy luật của kiểu mẫu,
R12,Black Hole,7–11 tuổi (Lớp 2–5),R,R1,LESSON,,4,1,110,68,1,Truy tìm con số,Kiểu mẫu và giải toán,Quy luật của kiểu mẫu,
R12,Black Hole,7–11 tuổi (Lớp 2–5),R,R1,LESSON,,4,1,110,68,2,Polyiamond,Hình học,Cảm nhận không gian,
R12,Black Hole,7–11 tuổi (Lớp 2–5),R,R1,LESSON,,4,1,110,68,3,Thực nghiệm toán học,Kiểu mẫu và giải toán,Ước lượng,
R12,Black Hole,7–11 tuổi (Lớp 2–5),R,R1,LESSON,,4,1,110,68,4,Câu đố que diêm,Trò chơi và câu đố,Chiến lược giải toán,
R13,Black Hole,7–11 tuổi (Lớp 2–5),R,R1,LESSON,,4,1,110,69,1,Xúc xắc và đồng xu,Lý luận & Xác suất & Số liệu,Trò chơi xác suất,
R13,Black Hole,7–11 tuổi (Lớp 2–5),R,R1,LESSON,,4,1,110,69,2,Chơi cùng giấy màu,Hình học,Hình sau khi gấp và cắt,
R13,Black Hole,7–11 tuổi (Lớp 2–5),R,R1,LESSON,,4,1,110,69,3,20 câu hỏi,Kiểu mẫu và giải toán,Truy tìm con số bí mật,
R13,Black Hole,7–11 tuổi (Lớp 2–5),R,R1,LESSON,Thi giữa kỳ,4,1,110,69,4,Cắt hình vuông,Trò chơi và câu đố,Cắt hình tứ giác,
R21,Black Hole,7–11 tuổi (Lớp 2–5),R,R2,LESSON,,4,1,110,70,1,Số lẻ và số chẵn,Kiểu mẫu và giải toán,Số lẻ và số chẵn,
R21,Black Hole,7–11 tuổi (Lớp 2–5),R,R2,LESSON,,4,1,110,70,2,Kiểu mẫu của các hình dạng chuyển động,Hình học,"Hình khối 3D - Bề mặt, Đỉnh và Cạnh",
R21,Black Hole,7–11 tuổi (Lớp 2–5),R,R2,LESSON,,4,1,110,70,3,Câu đố Pentomino,Hình học,Tính chất của hình 2D,
R21,Black Hole,7–11 tuổi (Lớp 2–5),R,R2,LESSON,,4,1,110,70,4,Trò chơi trốn thoát,Đo lường,So sánh các số lượng khác nhau,
R22,Black Hole,7–11 tuổi (Lớp 2–5),R,R2,LESSON,,4,1,110,71,1,Câu đố về số,Con số và các phép tính,Tách một số thành hai số,
R22,Black Hole,7–11 tuổi (Lớp 2–5),R,R2,LESSON,,4,1,110,71,2,Đếm hình,Hình học,Kĩ năng đếm hình,
R22,Black Hole,7–11 tuổi (Lớp 2–5),R,R2,LESSON,,4,1,110,71,3,Đếm số ngỗng bay,Kiểu mẫu và toán,Kiểu mẫu và quan hệ tương ứng,
R22,Black Hole,7–11 tuổi (Lớp 2–5),R,R2,LESSON,,4,1,110,71,4,Cá và tàu ngầm,Lý luận & xác suất & số liệu,Tăng cường khả năng loại suy,
R23,Black Hole,7–11 tuổi (Lớp 2–5),R,R2,LESSON,,4,1,110,72,1,Các phép biến hình,Hình học,Sự di chuyển của các hình,
R23,Black Hole,7–11 tuổi (Lớp 2–5),R,R2,LESSON,,4,1,110,72,2,Lịch trình của Jason,Sự đo lường,Thời gian,
R23,Black Hole,7–11 tuổi (Lớp 2–5),R,R2,LESSON,,4,1,110,72,3,Câu đố sắp xếp số,Số và các phép toán,Số đếm đến 10.000,
R23,Black Hole,7–11 tuổi (Lớp 2–5),R,R2,LESSON,Thi giữa kỳ,4,1,110,72,4,Các bài toán từ tổ ong,Trò chơi và câu đố,Rèn luyện trí não,
R31,Black Hole,7–11 tuổi (Lớp 2–5),R,R3,LESSON,,4,1,110,73,1,Giá trị của biểu tượng và kí tự,Số và các phép toán,Phép toán hỗn hợp,
R31,Black Hole,7–11 tuổi (Lớp 2–5),R,R3,LESSON,,4,1,110,73,2,Trò chơi Tangram,Hình học,Tạo hình mới từ các hình khác nhau,
R31,Black Hole,7–11 tuổi (Lớp 2–5),R,R3,LESSON,,4,1,110,73,3,Bí ẩn của tháp Xoay,Kiểu mẫu và giải toán,Tạo kiểu mẫu bằng cách sử dụng quy luật,
R31,Black Hole,7–11 tuổi (Lớp 2–5),R,R3,LESSON,,4,1,110,73,4,Giải toán bằng cách lập bảng,Kiểu mẫu và giải toán,Phương pháp giải toán: tạo bảng,
R32,Black Hole,7–11 tuổi (Lớp 2–5),R,R3,LESSON,,4,1,110,74,1,Số và biểu diễn số,Kiểu mẫu và giải toán,Nhận diện kiểu mẫu - Nhận diện sự giống nhau và khác nhau,
R32,Black Hole,7–11 tuổi (Lớp 2–5),R,R3,LESSON,,4,1,110,74,2,Polycube,Hình học,Các hình dạng khác nhau,
R32,Black Hole,7–11 tuổi (Lớp 2–5),R,R3,LESSON,,4,1,110,74,3,Cuộc chiến cướp biển,Đo lường,Toạ độ trên mặt phẳng,
R32,Black Hole,7–11 tuổi (Lớp 2–5),R,R3,LESSON,,4,1,110,74,4,Mở rộng kích thước,Đo lường,"Liên hệ giữa chu vi, diện tích và thể tích",
R33,Black Hole,7–11 tuổi (Lớp 2–5),R,R3,LESSON,,4,1,110,75,1,Phân số I,Số và các phép toán,Phân số,
R33,Black Hole,7–11 tuổi (Lớp 2–5),R,R3,LESSON,,4,1,110,75,2,Phân số II,Số và các phép toán,So sánh các phân số,
R33,Black Hole,7–11 tuổi (Lớp 2–5),R,R3,LESSON,,4,1,110,75,3,Sơ đồ cây,Lý luận & xác suất & số liệu,Đếm số các trường hợp,
R33,Black Hole,7–11 tuổi (Lớp 2–5),R,R3,LESSON,Thi giữa kỳ,4,1,110,75,4,Hình vuông logic,Trò chơi và câu đố,Tư duy logic,
R41,Black Hole,7–11 tuổi (Lớp 2–5),R,R4,LESSON,,4,1,110,76,1,Kunta đi chợ,Kiểu mẫu và giải toán,Tính chất của phương trình,
R41,Black Hole,7–11 tuổi (Lớp 2–5),R,R4,LESSON,,4,1,110,76,2,"Hình chiếu bằng, hình chiếu đứng và hình chiếu cạnh",Hình học,Xây dựng hình 3D,
R41,Black Hole,7–11 tuổi (Lớp 2–5),R,R4,LESSON,,4,1,110,76,3,Tìm số bên trong,Số và các phép toán,Tìm số theo quy luật,
R41,Black Hole,7–11 tuổi (Lớp 2–5),R,R4,LESSON,,4,1,110,76,4,Giải toán bằng hình vẽ,Kiểu mẫu và giải toán,Giải toán bằng các phương pháp khác nhau,
R42,Black Hole,7–11 tuổi (Lớp 2–5),R,R4,LESSON,,4,1,110,77,1,Trò chơi đoán số,Kiểu mẫu và giải toán,Dự đoán và ước lượng,
R42,Black Hole,7–11 tuổi (Lớp 2–5),R,R4,LESSON,,4,1,110,77,2,Trò chơi thẻ số,Số và các phép toán,Số đếm đến 10.000,
R42,Black Hole,7–11 tuổi (Lớp 2–5),R,R4,LESSON,,4,1,110,77,3,Gấp và cắt giấy I,Hình học,Tính đối xứng của các hình,
R42,Black Hole,7–11 tuổi (Lớp 2–5),R,R4,LESSON,,4,1,110,77,4,Chu vi và diện tích hình vuông,Đo lường,Đa giác đều,
R43,Black Hole,7–11 tuổi (Lớp 2–5),R,R4,LESSON,,4,1,110,78,1,Đo mà không đánh dấu,Đo lường,Biểu diễn số đo,
R43,Black Hole,7–11 tuổi (Lớp 2–5),R,R4,LESSON,,4,1,110,78,2,Hiệp sỹ Audrey,Lý luận & xác suất & số liệu,Đếm số các trường hợp,
R43,Black Hole,7–11 tuổi (Lớp 2–5),R,R4,LESSON,,4,1,110,78,3,Trò chơi với hình khối II,Hình học,Hình khối,
R43,Black Hole,7–11 tuổi (Lớp 2–5),R,R4,LESSON,Thi cuối kỳ,4,1,110,78,4,Câu đố tìm vị trí,Trò chơi và câu đố,Tư duy logic và hệ thống,
B11,Black Hole,7–11 tuổi (Lớp 2–5),B,B1,LESSON,,4,1,110,79,1,Giải ngược từ cuối,Kiểu mẫu và giải toán,Phương pháp giải toán: làm ngược từ cuối,
B11,Black Hole,7–11 tuổi (Lớp 2–5),B,B1,LESSON,,4,1,110,79,2,Gấp và cắt giấy II,Hình học,Tính đối xứng của các hình,
B11,Black Hole,7–11 tuổi (Lớp 2–5),B,B1,LESSON,,4,1,110,79,3,Giải toán bằng cách nhận diện kiểu mẫu,Kiểu mẫu và giải toán,Phương pháp giải toán: nhận diện kiểu mẫu,
B11,Black Hole,7–11 tuổi (Lớp 2–5),B,B1,LESSON,,4,1,110,79,4,Hãy lấy cái cuối cùng!,Lý luận & xác suất & số liệu,Tìm chiến thuật cho trò chơi “Nim”,
B12,Black Hole,7–11 tuổi (Lớp 2–5),B,B1,LESSON,,4,1,110,80,1,Giải toán bằng 4 bước,Kiểu mẫu và giải toán,Phương pháp giải toán của Polya,
B12,Black Hole,7–11 tuổi (Lớp 2–5),B,B1,LESSON,,4,1,110,80,2,Dựng hình khối bằng gậy Cuisenaire,Hình học,Củng cố khả năng nhận thức không gian,
B12,Black Hole,7–11 tuổi (Lớp 2–5),B,B1,LESSON,,4,1,110,80,3,Những người bạn tốt nhất,Số và các phép toán,Các phương pháp giải toán khác nhau,
B12,Black Hole,7–11 tuổi (Lớp 2–5),B,B1,LESSON,,4,1,110,80,4,Trò chơi Bóng chày,Trò chơi và câu đố,Các phương pháp giải toán khác nhau,
B13,Black Hole,7–11 tuổi (Lớp 2–5),B,B1,LESSON,,4,1,110,81,1,"Ukam, cậu bé Bản Địa",Kiểu mẫu và giải toán,Phương pháp giải toán: đơn giản hóa,
B13,Black Hole,7–11 tuổi (Lớp 2–5),B,B1,LESSON,,4,1,110,81,2,Giải đấu trong Vương quốc động vật,Lý luận & xác suất & số liệu,Giải toán và lập luận,
B13,Black Hole,7–11 tuổi (Lớp 2–5),B,B1,LESSON,,4,1,110,81,3,Những đồng xu đen trắng,Kiểu mẫu và giải toán,Giải toán bằng cách xác định kiểu mẫu,
B13,Black Hole,7–11 tuổi (Lớp 2–5),B,B1,LESSON,Thi giữa kỳ,4,1,110,81,4,Phục hồi cổ vật,Trò chơi và câu đố,Tư duy logic,
B21,Black Hole,7–11 tuổi (Lớp 2–5),B,B2,LESSON,,4,1,110,82,1,Chu vi,Đo lường,Chu vi và diện tích các hình,
B21,Black Hole,7–11 tuổi (Lớp 2–5),B,B2,LESSON,,4,1,110,82,2,Trò chơi số học,Số và các phép toán,Phép tính hỗn hợp,
B21,Black Hole,7–11 tuổi (Lớp 2–5),B,B2,LESSON,,4,1,110,82,3,Số tiền,Lý luận & xác suất & số liệu,Các đại lượng khác nhau,
B21,Black Hole,7–11 tuổi (Lớp 2–5),B,B2,LESSON,,4,1,110,82,4,Phương pháp tính tổng,Kiểu mẫu và giải toán,Các phương pháp giải toán khác nhau,
B22,Black Hole,7–11 tuổi (Lớp 2–5),B,B2,LESSON,,4,1,110,83,1,"Lớn nhất, Nhỏ nhất",Số và các phép toán,Phép nhân,
B22,Black Hole,7–11 tuổi (Lớp 2–5),B,B2,LESSON,,4,1,110,83,2,Bài toán đổi vỏ chai,Lý luận & xác suất & số liệu,Xác suất,
B22,Black Hole,7–11 tuổi (Lớp 2–5),B,B2,LESSON,,4,1,110,83,3,Góc,Sự đo lường,Số đo của góc,
B22,Black Hole,7–11 tuổi (Lớp 2–5),B,B2,LESSON,,4,1,110,83,4,Giải toán thông minh,Kiểu mẫu và giải toán,Tư duy phân nhánh và tư duy hội tụ,
B23,Black Hole,7–11 tuổi (Lớp 2–5),B,B2,LESSON,,4,1,110,84,1,Bốn bộ Bốn,Số và các phép toán,Con số và phép toán,
B23,Black Hole,7–11 tuổi (Lớp 2–5),B,B2,LESSON,,4,1,110,84,2,Hình tam giác,Hình học,Các hình tam giác khác nhau,
B23,Black Hole,7–11 tuổi (Lớp 2–5),B,B2,LESSON,,4,1,110,84,3,Vuông góc và song song,Đo lường,Vuông góc và song song,
B23,Black Hole,7–11 tuổi (Lớp 2–5),B,B2,LESSON,,4,1,110,84,4,Tín hiệu giao thông,Trò chơi và câu đố,Câu đố đèn giao thông,
B31,Black Hole,7–11 tuổi (Lớp 2–5),B,B3,LESSON,,4,1,110,85,1,Tìm số thoả mãn điều kiện,Số và các phép toán,Tìm tất cả các số có thể,
B31,Black Hole,7–11 tuổi (Lớp 2–5),B,B3,LESSON,,4,1,110,85,2,Hình tứ giác,Hình học,Các hình tứ giác khác nhau,
B31,Black Hole,7–11 tuổi (Lớp 2–5),B,B3,LESSON,,4,1,110,85,3,Người khổng lồ chân dài,Lý luận & xác suất & số liệu,Bài toán đồng xu Frobenius,
B31,Black Hole,7–11 tuổi (Lớp 2–5),B,B3,LESSON,,4,1,110,85,4,Cấp số cộng và cấp số nhân,Kiểu mẫu và giải toán,Dãy số,
B32,Black Hole,7–11 tuổi (Lớp 2–5),B,B3,LESSON,,4,1,110,86,1,Các phương pháp thực hiện phép nhân,Số và các phép toán,Số nhân,
B32,Black Hole,7–11 tuổi (Lớp 2–5),B,B3,LESSON,,4,1,110,86,2,Xúc xắc,Hình học,Sự thật về xúc xắc,
B32,Black Hole,7–11 tuổi (Lớp 2–5),B,B3,LESSON,,4,1,110,86,3,Đảo giấu vàng,Lý luận & xác suất & số liệu,Bài toán đúng-sai,
B32,Black Hole,7–11 tuổi (Lớp 2–5),B,B3,LESSON,,4,1,110,86,4,Số Palindrome,Số và các phép toán,Bài toán về số Palindrome,
B33,Black Hole,7–11 tuổi (Lớp 2–5),B,B3,LESSON,,4,1,110,87,1,Hình vuông ma thuật,Số và các phép toán,Nguyên lý của hình vuông ma thuật,
B33,Black Hole,7–11 tuổi (Lớp 2–5),B,B3,LESSON,,4,1,110,87,2,Hình phẳng của xúc xắc,Hình học,"Hình lục giác, hình chóp và hình nón",
B33,Black Hole,7–11 tuổi (Lớp 2–5),B,B3,LESSON,,4,1,110,87,3,Diện tích các hình I,Đo lường,Diện tích của hình,
B33,Black Hole,7–11 tuổi (Lớp 2–5),B,B3,LESSON,Thi giữa kỳ,4,1,110,87,4,Cướp biển không gian,Trò chơi và câu đố,Tư duy logic,
B41,Black Hole,7–11 tuổi (Lớp 2–5),B,B4,LESSON,,4,1,110,88,1,Ước số và Bội số,Số và các phép toán,Ước số và bội số,
B41,Black Hole,7–11 tuổi (Lớp 2–5),B,B4,LESSON,,4,1,110,88,2,Ước chung lớn nhất và bội chung nhỏ nhất,Số và các phép toán,Ước chung lớn nhất và bội chung nhỏ nhất,
B41,Black Hole,7–11 tuổi (Lớp 2–5),B,B4,LESSON,,4,1,110,88,3,Đường đi Euler,Lý luận & xác suất & số liệu,Đường đi Euler,
B41,Black Hole,7–11 tuổi (Lớp 2–5),B,B4,LESSON,,4,1,110,88,4,Diện tích các hình II,Kiểu mẫu và giải toán,Diện tích của hình,
B42,Black Hole,7–11 tuổi (Lớp 2–5),B,B4,LESSON,,4,1,110,89,1,Rút gọn phân số và mẫu số chung bé nhất,Số và các phép toán,Rút gọn phân số,
B42,Black Hole,7–11 tuổi (Lớp 2–5),B,B4,LESSON,,4,1,110,89,2,Chia phân số,Số và các phép toán,Chia phân số,
B42,Black Hole,7–11 tuổi (Lớp 2–5),B,B4,LESSON,,4,1,110,89,3,Mật mã I,Đo lường,Các chữ cái và biểu tượng,
B42,Black Hole,7–11 tuổi (Lớp 2–5),B,B4,LESSON,,4,1,110,89,4,Bảng Hình và diện tích,Hình học,Đo các hình phẳng,
B43,Black Hole,7–11 tuổi (Lớp 2–5),B,B4,LESSON,,4,1,110,90,1,Dấu hiệu chia hết,Số và các phép toán,Các dấu hiệu chia hết,
B43,Black Hole,7–11 tuổi (Lớp 2–5),B,B4,LESSON,,4,1,110,90,2,Tìm đường I,Lý luận & xác suất & số liệu,Đếm số các trường hợp,
B43,Black Hole,7–11 tuổi (Lớp 2–5),B,B4,LESSON,,4,1,110,90,3,Tìm đường II,Lý luận & xác suất & số liệu,Hoán vị và tổ hợp,
B43,Black Hole,7–11 tuổi (Lớp 2–5),B,B4,LESSON,Thi cuối kỳ,4,1,110,90,4,Trục đối xứng,Hình học,Đối xứng qua đường thẳng,
P11,Black Hole,7–11 tuổi (Lớp 2–5),P,P1,LESSON,,4,1,110,91,1,Tâm đối xứng,Hình học,Đối xứng qua một điểm,
P11,Black Hole,7–11 tuổi (Lớp 2–5),P,P1,LESSON,,4,1,110,91,2,Tìm số còn thiếu,Số và các phép toán,Phép nhân và phép chia,
P11,Black Hole,7–11 tuổi (Lớp 2–5),P,P1,LESSON,,4,1,110,91,3,Mã số II,Kiểu mẫu và giải toán,Mã số và mã hóa,
P11,Black Hole,7–11 tuổi (Lớp 2–5),P,P1,LESSON,,4,1,110,91,4,Trò chơi Xây hàng rào,Trò chơi và câu đố,Trò chơi xây hàng rào,
P12,Black Hole,7–11 tuổi (Lớp 2–5),P,P1,LESSON,,4,1,110,92,1,Chiếc cân và những đồng tiền giả,Lý luận & xác suất & số liệu,Đo lường,
P12,Black Hole,7–11 tuổi (Lớp 2–5),P,P1,LESSON,,4,1,110,92,2,Xếp chồng các hình khối,Hình học,Hình khối trong không gian,
P12,Black Hole,7–11 tuổi (Lớp 2–5),P,P1,LESSON,,4,1,110,92,3,Các nguyên tắc tính toán,Số và các phép toán,Tính toán hỗn hợp,
P12,Black Hole,7–11 tuổi (Lớp 2–5),P,P1,LESSON,,4,1,110,92,4,Trò chơi Nim,Lý luận & xác suất & số liệu,Trò chơi Nim,
P13,Black Hole,7–11 tuổi (Lớp 2–5),P,P1,LESSON,,4,1,110,93,1,Những dãy số kì lạ,Kiểu mẫu và giải toán,Dãy số,
P13,Black Hole,7–11 tuổi (Lớp 2–5),P,P1,LESSON,,4,1,110,93,2,Góc trong và góc ngoài của tam giác,Đo lường,Góc trong và góc ngoài của tam giác,
P13,Black Hole,7–11 tuổi (Lớp 2–5),P,P1,LESSON,,4,1,110,93,3,Sơ đồ Venn,Lý luận & xác suất & số liệu,Sơ đồ Venn,
P13,Black Hole,7–11 tuổi (Lớp 2–5),P,P1,LESSON,Thi giữa kỳ,4,1,110,93,4,Robot Tìm Kiếm,Trò chơi và câu đố,Trò chơi Robot Tìm Kiếm,
P21,Black Hole,7–11 tuổi (Lớp 2–5),P,P2,LESSON,,4,1,110,94,1,Tổng các số tự nhiên liên tiếp,Số và các phép toán,Các số liên tiếp,
P21,Black Hole,7–11 tuổi (Lớp 2–5),P,P2,LESSON,,4,1,110,94,2,Lát kín mặt phẳng,Hình học,Đo các hình trong mặt phẳng,
P21,Black Hole,7–11 tuổi (Lớp 2–5),P,P2,LESSON,,4,1,110,94,3,Toán học trong lịch,Kiểu mẫu và giải toán,Các phương pháp giải toán khác nhau,
P21,Black Hole,7–11 tuổi (Lớp 2–5),P,P2,LESSON,,4,1,110,94,4,Tam đoạn luận,Lý luận & xác suất & số liệu,Tam đoạn luận,
P22,Black Hole,7–11 tuổi (Lớp 2–5),P,P2,LESSON,,4,1,110,95,1,Ứng dụng của dãy số,Kiểu mẫu và giải toán,Dãy số,
P22,Black Hole,7–11 tuổi (Lớp 2–5),P,P2,LESSON,,4,1,110,95,2,Những hình khối trong suốt,Hình học,Hình khối,
P22,Black Hole,7–11 tuổi (Lớp 2–5),P,P2,LESSON,,4,1,110,95,3,Hành khách khó tính,Lý luận & xác suất & số liệu,Câu đố qua sông,
P22,Black Hole,7–11 tuổi (Lớp 2–5),P,P2,LESSON,,4,1,110,95,4,Ý nghĩa các biểu tượng,Kiểu mẫu và giải toán,Số học,
P23,Black Hole,7–11 tuổi (Lớp 2–5),P,P2,LESSON,,4,1,110,96,1,Con mắt của Horus,Số và các phép toán,Cộng và trừ phân số với các mẫu số khác nhau,
P23,Black Hole,7–11 tuổi (Lớp 2–5),P,P2,LESSON,,4,1,110,96,2,"Đúng, Sai và Tuỳ thuộc",Lý luận & xác suất & số liệu,Câu hỏi Đúng-Sai,
P23,Black Hole,7–11 tuổi (Lớp 2–5),P,P2,LESSON,,4,1,110,96,3,Hình khối và diện tích bề mặt,Đo lường,Hình khối,
P23,Black Hole,7–11 tuổi (Lớp 2–5),P,P2,LESSON,Thi giữa kỳ,4,1,110,96,4,Câu đố dựng hàng rào,Trò chơi và câu đố,Câu đố dựng hàng rào,
P31,Black Hole,7–11 tuổi (Lớp 2–5),P,P3,LESSON,,4,1,110,97,1,Phân chia các hình,Hình học,Diện tích các hình,
P31,Black Hole,7–11 tuổi (Lớp 2–5),P,P3,LESSON,,4,1,110,97,2,Tính chẵn lẻ,Lý luận & xác suất & số liệu,Tính chẵn lẻ,
P31,Black Hole,7–11 tuổi (Lớp 2–5),P,P3,LESSON,,4,1,110,97,3,Có bao nhiêu thẻ?,Số và các phép toán,Tổng các con số,
P31,Black Hole,7–11 tuổi (Lớp 2–5),P,P3,LESSON,,4,1,110,97,4,Kế hoạch tối ưu,Kiểu mẫu và giải toán,Toán rời rạc,
P32,Black Hole,7–11 tuổi (Lớp 2–5),P,P3,LESSON,,4,1,110,98,1,Nguyên lý Dirichlet (nguyên lý thỏ và chuồng),Lý luận & xác suất & số liệu,Toán rời rạc,
P32,Black Hole,7–11 tuổi (Lớp 2–5),P,P3,LESSON,,4,1,110,98,2,Con số ma thuật,Số và các phép toán,Ước số và bội số,
P32,Black Hole,7–11 tuổi (Lớp 2–5),P,P3,LESSON,,4,1,110,98,3,Đường đi của quân mã,Kiểu mẫu và giải toán,Kiểu mẫu không thay đổi,
P32,Black Hole,7–11 tuổi (Lớp 2–5),P,P3,LESSON,,4,1,110,98,4,Chia cắt hình khối,Hình học,Hình khối,
P33,Black Hole,7–11 tuổi (Lớp 2–5),P,P3,LESSON,,4,1,110,99,1,Thế giới các con số,Số và các phép toán,Giải phương trình,
P33,Black Hole,7–11 tuổi (Lớp 2–5),P,P3,LESSON,,4,1,110,99,2,Tom và Hucke,Kiểu mẫu và giải toán,Cộng và nhân phân số,
P33,Black Hole,7–11 tuổi (Lớp 2–5),P,P3,LESSON,,4,1,110,99,3,Số Đa Giác,Số và các phép toán,Quy luật của dãy số thông qua hình dạng,
P33,Black Hole,7–11 tuổi (Lớp 2–5),P,P3,LESSON,Thi giữa kỳ,4,1,110,99,4,Nhảy! Nhảy!,Trò chơi và câu đố,Trò chơi bài Solitaire,
P41,Black Hole,7–11 tuổi (Lớp 2–5),P,P4,LESSON,,4,1,110,100,1,Lăng mộ của Diophantus,Số và các phép toán,Phương trình tuyến tính,
P41,Black Hole,7–11 tuổi (Lớp 2–5),P,P4,LESSON,,4,1,110,100,2,Chiến lược chiến thắng các trò chơi,Lý luận & xác suất & số liệu,Chiến lược chiến thắng,
P41,Black Hole,7–11 tuổi (Lớp 2–5),P,P4,LESSON,,4,1,110,100,3,Chu trình Hamilton,Kiểu mẫu và giải toán,Toán rời rạc,
P41,Black Hole,7–11 tuổi (Lớp 2–5),P,P4,LESSON,,4,1,110,100,4,Trò chơi chiến hạm,Trò chơi và câu đố,Trò chơi chiến hạm,
P42,Black Hole,7–11 tuổi (Lớp 2–5),P,P4,LESSON,,4,1,110,101,1,Trải hình 3D lên mặt phẳng,Hình học,Hình chóp và hình nón,
P42,Black Hole,7–11 tuổi (Lớp 2–5),P,P4,LESSON,,4,1,110,101,2,Đường tròn,Hình học,Số Pi và diện tích hình tròn,
P42,Black Hole,7–11 tuổi (Lớp 2–5),P,P4,LESSON,,4,1,110,101,3,Thi đấu vòng tròn: Thắng và Thua,Lý luận & xác suất & số liệu,Xác suất,
P42,Black Hole,7–11 tuổi (Lớp 2–5),P,P4,LESSON,,4,1,110,101,4,Thử thách Sudoku,Trò chơi và câu đố,Câu đố Sudoku,
P43,Black Hole,7–11 tuổi (Lớp 2–5),P,P4,LESSON,,4,1,110,102,1,Thể tích của hình 3D,Đo lường,Thể tích hình 3D,
P43,Black Hole,7–11 tuổi (Lớp 2–5),P,P4,LESSON,,4,1,110,102,2,Tam giác số,Kiểu mẫu và giải toán,Các phương pháp giải toán khác nhau,
P43,Black Hole,7–11 tuổi (Lớp 2–5),P,P4,LESSON,,4,1,110,102,3,Định lý Euler,Hình học,Đặc điểm của hình 3D,
P43,Black Hole,7–11 tuổi (Lớp 2–5),P,P4,LESSON,Thi cuối kỳ,4,1,110,102,4,Hình vuông Latin,Trò chơi và câu đố,Hình vuông Latin (Tư duy logic),